mentor_id,student_id
mentor-001,student-001
mentor-001,student-002
mentor-001,student-003
mentor-001,student-004
mentor-001,student-005
mentor-001,student-006
mentor-001,student-007
mentor-002,student-008
mentor-002,student-009
mentor-002,student-010
mentor-002,student-011
mentor-002,student-012
mentor-002,student-013
mentor-002,student-014
mentor-003,student-015
mentor-003,student-016
mentor-003,student-017
mentor-003,student-018
mentor-003,student-019
mentor-003,student-020
mentor-003,student-021
mentor-004,student-022
mentor-004,student-023
mentor-004,student-024
mentor-004,student-025
mentor-004,student-026
mentor-004,student-027
mentor-005,student-028
mentor-005,student-029
mentor-005,student-030
mentor-005,student-031
mentor-005,student-032
mentor-005,student-033
mentor-006,student-034
mentor-006,student-035
mentor-006,student-036
mentor-006,student-037
mentor-006,student-038
mentor-006,student-039
mentor-006,student-040
mentor-007,student-041
mentor-007,student-042
mentor-007,student-043
mentor-007,student-044
mentor-007,student-045
mentor-007,student-046
mentor-007,student-047
mentor-008,student-048
mentor-008,student-049
mentor-008,student-050
mentor-008,student-095
mentor-008,student-052
mentor-008,student-053
mentor-008,student-054
mentor-009,student-055
mentor-009,student-056
mentor-009,student-057
mentor-009,student-058
mentor-009,student-059
mentor-009,student-060
mentor-009,student-061
mentor-010,student-062
mentor-010,student-063
mentor-010,student-064
mentor-010,student-065
mentor-010,student-066
mentor-010,student-067
mentor-010,student-068
mentor-011,student-069
mentor-011,student-070
mentor-011,student-071
mentor-011,student-072
mentor-011,student-073
mentor-011,student-074
mentor-012,student-075
mentor-012,student-076
mentor-012,student-077
mentor-012,student-078
mentor-012,student-079
mentor-012,student-080
mentor-013,student-081
mentor-013,student-082
mentor-013,student-083
mentor-013,student-084
mentor-013,student-085
mentor-013,student-086
mentor-013,student-087
mentor-014,student-088
mentor-014,student-089
mentor-014,student-090
mentor-014,student-091
mentor-014,student-092
mentor-014,student-014
mentor-014,student-094
